{"stats":{"minecraft:killed":{"minecraft:skeleton":4,"minecraft:zombie":4},"minecraft:mined":{"minecraft:white_bed":1,"minecraft:grass_block":3,"minecraft:dirt":2,"minecraft:soul_campfire":1,"minecraft:green_bed":1},"minecraft:picked_up":{"minecraft:iron_chestplate":1,"minecraft:green_bed":1,"minecraft:white_bed":1,"spellbladenext:fire_blade":1,"minecraft:dirt":5,"minecraft:leather_helmet":1,"minecraft:soul_soil":1,"minecraft:arrow":1,"minecraft:diamond_chestplate":1,"minecraft:skeleton_skull":1},"minecraft:killed_by":{"minecraft:skeleton":1,"minecraft:zombie":1},"minecraft:custom":{"minecraft:time_since_rest":6399,"lootr:looted_stat":17,"minecraft:sprint_one_cm":106484,"minecraft:damage_taken":1487,"minecraft:walk_one_cm":60672,"minecraft:damage_blocked_by_shield":383,"minecraft:mob_kills":8,"minecraft:drop":2,"minecraft:damage_dealt":1398,"minecraft:swim_one_cm":8216,"minecraft:talked_to_villager":2,"minecraft:fly_one_cm":70685,"minecraft:crouch_one_cm":170,"minecraft:play_time":38497,"minecraft:deaths":2,"minecraft:sneak_time":69,"minecraft:walk_under_water_one_cm":494,"minecraft:boat_one_cm":21552,"minecraft:jump":476,"minecraft:leave_game":2,"minecraft:time_since_death":6372,"minecraft:walk_on_water_one_cm":6485,"minecraft:sleep_in_bed":2,"minecraft:total_world_time":38497,"minecraft:climb_one_cm":269,"minecraft:hex":0,"minecraft:fall_one_cm":13018},"minecraft:dropped":{"spellbladenext:fire_blade":2},"minecraft:used":{"minecraft:stone_sword":22,"minecraft:bread":10,"minecraft:shield":6,"simplyswords:diamond_halberd":143,"minecraft:green_bed":1,"minecraft:dirt":5,"minecraft:white_bed":1,"minecraft:egg":2}},"DataVersion":3465}