{"stats":{"minecraft:mined":{"minecraft:white_bed":1},"minecraft:picked_up":{"minecraft:white_bed":1},"minecraft:custom":{"minecraft:jump":30,"minecraft:time_since_rest":5044,"minecraft:damage_dealt":26,"minecraft:crouch_one_cm":42,"lootr:looted_stat":13,"minecraft:sprint_one_cm":22943,"minecraft:play_time":11064,"minecraft:damage_taken":14,"minecraft:time_since_death":11064,"minecraft:walk_one_cm":8843,"minecraft:sleep_in_bed":1,"minecraft:sneak_time":14,"minecraft:total_world_time":11064,"minecraft:hex":0,"minecraft:talked_to_villager":2,"minecraft:fall_one_cm":269,"minecraft:fly_one_cm":7813},"minecraft:used":{"minecraft:egg":2,"minecraft:stone_sword":1,"minecraft:white_bed":1}},"DataVersion":3465}