{"stats":{"minecraft:killed":{"minecells:runner":4,"minecells:undead_archer":2,"minecraft:skeleton":4,"minecraft:zombie":17,"minecells:shieldbearer":3,"minecells:leaping_zombie":23,"minecells:grenadier":4,"minecraft:villager":3},"minecraft:mined":{"minecraft:podzol":1,"minecells:prison_bricks":1,"minecells:small_prison_bricks":3,"minecraft:white_bed":1,"minecells:putrid_log":1,"minecells:prison_cobblestone":1,"minecraft:grass_block":3,"minecells:rotting_corpse":1,"regions_unexplored:pine_shrub":1,"minecells:prison_stone":1,"minecraft:soul_campfire":1,"minecraft:large_fern":1,"minecraft:birch_leaves":1,"treechop:chopped_log":1,"minecraft:yellow_stained_glass_pane":2,"minecraft:iron_bars":1,"minecraft:dirt":2,"minecraft:green_bed":2},"minecraft:picked_up":{"minecraft:birch_log":6,"minecraft:iron_chestplate":1,"minecells:small_prison_bricks":1,"spellbladenext:fire_blade":1,"minecraft:dirt":6,"minecraft:soul_soil":1,"comforts:sleeping_bag_white":1,"minecraft:birch_sapling":5,"minecraft:iron_sword":1,"minecells:guts":9,"minecraft:stick":1,"prominent_ost:music_disc_iv":1,"minecells:monster_cell":14,"minecraft:green_bed":2,"minecells:infected_flesh":16,"minecraft:white_bed":1,"minecells:metal_shards":2,"minecraft:leather_helmet":1,"minecraft:arrow":1,"minecraft:diamond_chestplate":1,"minecraft:rotten_flesh":24,"minecraft:skeleton_skull":1},"minecraft:killed_by":{"minecraft:skeleton":1,"minecraft:zombie":1},"minecraft:crafted":{"minecraft:iron_sword":1,"minecraft:birch_planks":24,"minecraft:stick":4,"minecraft:iron_pickaxe":1,"minecraft:chest":1},"minecraft:custom":{"lootr:looted_stat":64,"minecraft:interact_with_furnace":1,"minecraft:mob_kills":64,"minecraft:interact_with_crafting_table":4,"minecraft:damage_dealt_resisted":0,"minecraft:leave_game":2,"minecraft:time_since_death":54372,"minecraft:sleep_in_bed":4,"minecraft:climb_one_cm":6513,"minecraft:damage_resisted":0,"minecraft:hex":0,"minecraft:time_since_rest":31266,"minecraft:sprint_one_cm":341434,"minecraft:damage_taken":4104,"minecraft:walk_one_cm":170535,"minecraft:damage_blocked_by_shield":615,"minecraft:drop":4,"minecraft:damage_dealt":11441,"minecraft:swim_one_cm":10640,"minecraft:talked_to_villager":3,"minecraft:fly_one_cm":187671,"minecraft:open_chest":6,"minecraft:crouch_one_cm":720,"minecraft:play_time":86497,"minecraft:deaths":2,"minecraft:sneak_time":322,"minecraft:walk_under_water_one_cm":689,"minecraft:boat_one_cm":21552,"minecraft:jump":990,"minecraft:walk_on_water_one_cm":10249,"minecraft:total_world_time":86497,"minecraft:fall_one_cm":27834},"minecraft:dropped":{"minecraft:iron_sword":1,"simplyswords:iron_halberd":1,"spellbladenext:fire_blade":2},"minecraft:used":{"minecraft:stone_sword":38,"minecraft:birch_planks":10,"minecraft:shield":9,"minecraft:chest":1,"simplyswords:diamond_halberd":391,"minecraft:green_bed":2,"minecraft:dirt":5,"minecraft:white_bed":1,"minecraft:bread":47,"minecraft:iron_pickaxe":6,"minecells:guts":3,"minecraft:skeleton_skull":1,"minecraft:egg":2}},"DataVersion":3465}