{"stats":{"minecraft:killed":{"minecraft:skeleton":4,"minecraft:zombie":17,"minecraft:villager":3},"minecraft:mined":{"minecraft:white_bed":1,"minecraft:birch_leaves":1,"minecraft:yellow_stained_glass_pane":2,"minecraft:grass_block":3,"regions_unexplored:pine_shrub":1,"minecraft:dirt":2,"minecraft:soul_campfire":1,"minecraft:green_bed":2},"minecraft:picked_up":{"minecraft:iron_chestplate":1,"minecraft:green_bed":2,"minecraft:white_bed":1,"spellbladenext:fire_blade":1,"minecraft:dirt":5,"minecraft:leather_helmet":1,"minecraft:soul_soil":1,"minecraft:rotten_flesh":15,"minecraft:arrow":1,"minecraft:diamond_chestplate":1,"minecraft:skeleton_skull":1},"minecraft:killed_by":{"minecraft:skeleton":1,"minecraft:zombie":1},"minecraft:custom":{"minecraft:time_since_rest":8251,"minecraft:interact_with_furnace":1,"lootr:looted_stat":24,"minecraft:sprint_one_cm":159887,"minecraft:damage_taken":1591,"minecraft:walk_one_cm":79694,"minecraft:damage_blocked_by_shield":383,"minecraft:mob_kills":26,"minecraft:drop":2,"minecraft:damage_dealt":4399,"minecraft:swim_one_cm":10640,"minecraft:talked_to_villager":3,"minecraft:fly_one_cm":96316,"minecraft:open_chest":2,"minecraft:crouch_one_cm":170,"minecraft:play_time":50497,"minecraft:deaths":2,"minecraft:sneak_time":69,"minecraft:walk_under_water_one_cm":689,"minecraft:boat_one_cm":21552,"minecraft:damage_dealt_resisted":0,"minecraft:jump":595,"minecraft:leave_game":2,"minecraft:time_since_death":18372,"minecraft:walk_on_water_one_cm":9283,"minecraft:sleep_in_bed":3,"minecraft:total_world_time":50497,"minecraft:climb_one_cm":2105,"minecraft:hex":0,"minecraft:fall_one_cm":16509},"minecraft:dropped":{"spellbladenext:fire_blade":2},"minecraft:used":{"minecraft:stone_sword":38,"minecraft:bread":13,"minecraft:shield":6,"simplyswords:diamond_halberd":214,"minecraft:green_bed":2,"minecraft:dirt":5,"minecraft:white_bed":1,"minecraft:egg":2}},"DataVersion":3465}