{"stats":{"minecraft:mined":{"minecraft:white_bed":1,"minecraft:soul_campfire":1,"minecraft:green_bed":1},"minecraft:picked_up":{"minecraft:soul_soil":1,"minecraft:green_bed":1,"minecraft:white_bed":1},"minecraft:custom":{"minecraft:time_since_rest":989,"minecraft:crouch_one_cm":115,"minecraft:sprint_one_cm":62931,"lootr:looted_stat":16,"minecraft:play_time":26497,"minecraft:damage_taken":249,"minecraft:walk_one_cm":26256,"minecraft:sneak_time":62,"minecraft:boat_one_cm":21552,"minecraft:jump":212,"minecraft:damage_dealt":30,"minecraft:leave_game":2,"minecraft:walk_on_water_one_cm":4844,"minecraft:time_since_death":26497,"minecraft:sleep_in_bed":2,"minecraft:climb_one_cm":170,"minecraft:total_world_time":26497,"minecraft:hex":0,"minecraft:talked_to_villager":2,"minecraft:fall_one_cm":5990,"minecraft:fly_one_cm":37702},"minecraft:used":{"minecraft:stone_sword":2,"minecraft:bread":3,"minecraft:white_bed":1,"minecraft:egg":2,"minecraft:green_bed":1}},"DataVersion":3465}