{"stats":{"minecraft:killed":{"minecraft:skeleton":4,"minecraft:zombie":17,"minecells:runner":1,"minecells:shieldbearer":3,"minecells:undead_archer":1,"minecells:leaping_zombie":14,"minecells:grenadier":3,"minecraft:villager":3},"minecraft:mined":{"minecraft:large_fern":1,"minecells:small_prison_bricks":1,"minecraft:white_bed":1,"minecraft:birch_leaves":1,"treechop:chopped_log":1,"minecraft:yellow_stained_glass_pane":2,"minecells:rotting_corpse":1,"minecraft:grass_block":3,"regions_unexplored:pine_shrub":1,"minecraft:dirt":2,"minecraft:soul_campfire":1,"minecraft:green_bed":2,"minecraft:podzol":1},"minecraft:picked_up":{"minecells:guts":5,"minecraft:stick":1,"prominent_ost:music_disc_iv":1,"minecraft:iron_chestplate":1,"minecells:small_prison_bricks":1,"minecells:monster_cell":9,"minecraft:green_bed":2,"minecells:infected_flesh":10,"minecraft:white_bed":1,"minecells:metal_shards":1,"spellbladenext:fire_blade":1,"minecraft:dirt":6,"minecraft:leather_helmet":1,"minecraft:soul_soil":1,"minecraft:rotten_flesh":21,"minecraft:arrow":1,"minecraft:diamond_chestplate":1,"comforts:sleeping_bag_white":1,"minecraft:birch_sapling":5,"minecraft:iron_sword":1,"minecraft:skeleton_skull":1,"minecraft:birch_log":6},"minecraft:killed_by":{"minecraft:skeleton":1,"minecraft:zombie":1},"minecraft:crafted":{"minecraft:stick":4,"minecraft:iron_pickaxe":1,"minecraft:chest":1,"minecraft:iron_sword":1,"minecraft:birch_planks":24},"minecraft:custom":{"minecraft:time_since_rest":19266,"minecraft:interact_with_furnace":1,"lootr:looted_stat":49,"minecraft:sprint_one_cm":266766,"minecraft:damage_taken":2964,"minecraft:walk_one_cm":134574,"minecraft:damage_blocked_by_shield":383,"minecraft:mob_kills":49,"minecraft:drop":4,"minecraft:damage_dealt":8948,"minecraft:interact_with_crafting_table":4,"minecraft:swim_one_cm":10640,"minecraft:talked_to_villager":3,"minecraft:fly_one_cm":141319,"minecraft:open_chest":6,"minecraft:crouch_one_cm":720,"minecraft:play_time":74497,"minecraft:deaths":2,"minecraft:sneak_time":322,"minecraft:walk_under_water_one_cm":689,"minecraft:boat_one_cm":21552,"minecraft:damage_dealt_resisted":0,"minecraft:jump":776,"minecraft:leave_game":2,"minecraft:time_since_death":42372,"minecraft:walk_on_water_one_cm":10249,"minecraft:sleep_in_bed":4,"minecraft:total_world_time":74497,"minecraft:climb_one_cm":3439,"minecraft:damage_resisted":0,"minecraft:hex":0,"minecraft:fall_one_cm":22893},"minecraft:dropped":{"spellbladenext:fire_blade":2,"minecraft:iron_sword":1,"simplyswords:iron_halberd":1},"minecraft:used":{"minecraft:stone_sword":38,"minecraft:bread":31,"minecraft:iron_pickaxe":1,"minecraft:chest":1,"minecraft:shield":6,"simplyswords:diamond_halberd":329,"minecraft:green_bed":2,"minecraft:dirt":5,"minecraft:skeleton_skull":1,"minecraft:white_bed":1,"minecraft:egg":2}},"DataVersion":3465}