{"stats":{"minecraft:mined":{"minecraft:white_bed":1},"minecraft:picked_up":{"minecraft:white_bed":1},"minecraft:custom":{"minecraft:time_since_rest":11990,"minecraft:crouch_one_cm":42,"minecraft:play_time":18010,"lootr:looted_stat":13,"minecraft:sprint_one_cm":29592,"minecraft:damage_taken":14,"minecraft:walk_one_cm":10530,"minecraft:sneak_time":28,"minecraft:boat_one_cm":21552,"minecraft:jump":65,"minecraft:damage_dealt":26,"minecraft:leave_game":1,"minecraft:time_since_death":18010,"minecraft:walk_on_water_one_cm":4626,"minecraft:sleep_in_bed":1,"minecraft:total_world_time":18010,"minecraft:hex":0,"minecraft:talked_to_villager":2,"minecraft:fall_one_cm":1790,"minecraft:fly_one_cm":17371},"minecraft:used":{"minecraft:stone_sword":1,"minecraft:white_bed":1,"minecraft:egg":2}},"DataVersion":3465}