{"stats":{"minecraft:killed":{"minecraft:sheep":8,"minecraft:zombie":4,"minecraft:drowned":1},"minecraft:mined":{"minecraft:white_bed":1,"minecraft:red_wool":1,"minecraft:brewing_stand":1,"minecraft:crafting_table":2,"minecraft:grass_block":1,"regions_unexplored:daisy":1,"minecraft:sugar_cane":9,"minecraft:hay_block":18,"minecraft:furnace":1,"regions_unexplored:mossy_stone":2,"treechop:chopped_log":1,"minecraft:black_bed":2,"minecraft:grass":2,"minecraft:stone":14,"minecraft:iron_block":2},"minecraft:picked_up":{"minecraft:crafting_table":2,"minecraft:black_bed":2,"minecraft:brewing_stand":1,"minecraft:dirt":1,"minecraft:moss_carpet":2,"twigs:twig":2,"minecraft:sugar_cane":20,"minecraft:furnace":1,"minecraft:red_wool":1,"minecraft:white_bed":1,"regions_unexplored:daisy":1,"minecraft:mossy_cobblestone":2,"regions_unexplored:mauve_planks":3,"bewitchment:garlic":1,"minecraft:rotten_flesh":6,"regions_unexplored:mauve_sapling":3,"regions_unexplored:mauve_log":7,"minecraft:hay_block":18,"minecraft:iron_block":2,"regions_unexplored:mauve_boat":1,"minecraft:mutton":12,"minecraft:white_wool":8,"minecraft:cobblestone":14},"minecraft:crafted":{"minecraft:crafting_table":1,"minecraft:wooden_pickaxe":1,"minecraft:furnace":1,"minecraft:cooked_salmon":9,"minecraft:stone_axe":1,"minecraft:air":0,"regions_unexplored:mauve_planks":28,"minecraft:iron_chestplate":1,"minecraft:stick":8,"minecraft:stone_pickaxe":1,"regions_unexplored:mauve_boat":1,"minecraft:white_bed":2,"minecraft:wheat":117},"minecraft:custom":{"lootr:looted_stat":19,"minecraft:interact_with_furnace":9,"minecraft:mob_kills":13,"minecraft:traded_with_villager":1,"minecraft:interact_with_crafting_table":7,"minecraft:interact_with_cartography_table":1,"minecraft:bell_ring":2,"minecraft:damage_dealt_resisted":0,"minecraft:interact_with_grindstone":2,"minecraft:time_since_death":39424,"minecraft:sleep_in_bed":2,"minecraft:hex":0,"minecraft:time_since_rest":5044,"minecraft:sprint_one_cm":122220,"minecraft:damage_taken":298,"minecraft:walk_one_cm":114534,"minecraft:damage_dealt":1666,"minecraft:swim_one_cm":5084,"minecraft:talked_to_villager":23,"minecraft:fly_one_cm":85034,"minecraft:crouch_one_cm":393,"minecraft:play_time":39424,"minecraft:sneak_time":58,"minecraft:walk_under_water_one_cm":3103,"minecraft:boat_one_cm":91123,"minecraft:jump":457,"minecraft:walk_on_water_one_cm":5092,"minecraft:total_world_time":39424,"minecraft:fall_one_cm":11217},"minecraft:used":{"bewitchment:garlic":1,"minecraft:moss_carpet":2,"minecraft:stone_sword":80,"minecraft:stone_pickaxe":22,"minecraft:wooden_pickaxe":4,"minecraft:iron_sword":1,"minecraft:cooked_salmon":5,"minecraft:mossy_cobblestone":2,"minecraft:dirt":1,"minecraft:crafting_table":2,"regions_unexplored:mauve_sapling":3,"minecraft:white_bed":3,"regions_unexplored:mauve_planks":2,"minecraft:black_bed":1,"regions_unexplored:mauve_boat":1,"regions_unexplored:daisy":1,"minecraft:red_wool":1,"minecraft:stone_axe":2,"minecraft:furnace":1}},"DataVersion":3465}