{"stats":{"minecraft:killed":{"minecraft:sheep":8,"minecraft:zombie":4,"minecraft:drowned":1},"minecraft:mined":{"minecraft:white_bed":1,"minecraft:furnace":1,"regions_unexplored:mossy_stone":2,"minecraft:crafting_table":2,"treechop:chopped_log":1,"minecraft:grass":2,"minecraft:grass_block":1,"regions_unexplored:daisy":1,"minecraft:stone":14,"minecraft:sugar_cane":9},"minecraft:picked_up":{"minecraft:crafting_table":2,"minecraft:white_bed":1,"minecraft:mossy_cobblestone":2,"regions_unexplored:daisy":1,"minecraft:dirt":1,"minecraft:moss_carpet":2,"regions_unexplored:mauve_planks":3,"bewitchment:garlic":1,"minecraft:rotten_flesh":6,"regions_unexplored:mauve_sapling":3,"regions_unexplored:mauve_log":7,"regions_unexplored:mauve_boat":1,"twigs:twig":2,"minecraft:sugar_cane":20,"minecraft:mutton":12,"minecraft:white_wool":8,"minecraft:cobblestone":14,"minecraft:furnace":1},"minecraft:crafted":{"regions_unexplored:mauve_planks":28,"minecraft:crafting_table":1,"minecraft:stick":8,"minecraft:wooden_pickaxe":1,"minecraft:stone_pickaxe":1,"regions_unexplored:mauve_boat":1,"minecraft:white_bed":2,"minecraft:cooked_salmon":9,"minecraft:furnace":1,"minecraft:stone_axe":1,"minecraft:air":0},"minecraft:custom":{"minecraft:time_since_rest":6664,"minecraft:interact_with_furnace":9,"lootr:looted_stat":3,"minecraft:sprint_one_cm":84206,"minecraft:damage_taken":228,"minecraft:walk_one_cm":81927,"minecraft:mob_kills":13,"minecraft:damage_dealt":1666,"minecraft:swim_one_cm":5084,"minecraft:interact_with_crafting_table":7,"minecraft:fly_one_cm":66676,"minecraft:crouch_one_cm":393,"minecraft:sneak_time":58,"minecraft:play_time":27424,"minecraft:walk_under_water_one_cm":3103,"minecraft:boat_one_cm":91123,"minecraft:jump":375,"minecraft:damage_dealt_resisted":0,"minecraft:interact_with_grindstone":2,"minecraft:walk_on_water_one_cm":5092,"minecraft:time_since_death":27424,"minecraft:sleep_in_bed":1,"minecraft:total_world_time":27424,"minecraft:hex":0,"minecraft:fall_one_cm":8613},"minecraft:used":{"regions_unexplored:mauve_boat":1,"bewitchment:garlic":1,"minecraft:moss_carpet":2,"regions_unexplored:daisy":1,"minecraft:stone_sword":80,"minecraft:stone_pickaxe":14,"minecraft:wooden_pickaxe":4,"minecraft:cooked_salmon":5,"minecraft:stone_axe":2,"minecraft:mossy_cobblestone":2,"minecraft:dirt":1,"minecraft:crafting_table":2,"minecraft:furnace":1,"regions_unexplored:mauve_sapling":3,"minecraft:white_bed":1}},"DataVersion":3465}