{"stats":{"minecraft:killed":{"minecraft:sheep":5,"minecraft:drowned":1,"minecraft:zombie":4},"minecraft:mined":{"minecraft:grass":1,"minecraft:grass_block":1,"regions_unexplored:daisy":1,"treechop:chopped_log":1},"minecraft:picked_up":{"regions_unexplored:mauve_sapling":3,"bewitchment:garlic":1,"minecraft:rotten_flesh":6,"regions_unexplored:mauve_log":7,"twigs:twig":2,"minecraft:mutton":8,"minecraft:dirt":1,"regions_unexplored:daisy":1,"minecraft:white_wool":5},"minecraft:crafted":{"regions_unexplored:mauve_planks":28},"minecraft:custom":{"minecraft:time_since_rest":15424,"lootr:looted_stat":3,"minecraft:play_time":15424,"minecraft:sprint_one_cm":34304,"minecraft:damage_taken":218,"minecraft:walk_one_cm":46521,"minecraft:walk_under_water_one_cm":2855,"minecraft:mob_kills":10,"minecraft:damage_dealt_resisted":0,"minecraft:jump":270,"minecraft:damage_dealt":1426,"minecraft:time_since_death":15424,"minecraft:walk_on_water_one_cm":3973,"minecraft:total_world_time":15424,"minecraft:hex":0,"minecraft:swim_one_cm":2166,"minecraft:fly_one_cm":50153,"minecraft:fall_one_cm":6964},"minecraft:used":{"bewitchment:garlic":1,"regions_unexplored:daisy":1,"minecraft:dirt":1,"minecraft:stone_sword":71,"regions_unexplored:mauve_sapling":3}},"DataVersion":3465}