{"stats":{"minecraft:killed":{"minecells:undead_archer":5,"minecraft:sheep":8,"minecraft:skeleton":2,"minecraft:zombie":9,"minecells:leaping_zombie":10,"minecraft:drowned":1,"minecells:protector":2,"minecells:grenadier":5},"minecraft:mined":{"minecells:putrid_fence":3,"minecraft:white_bed":1,"minecraft:red_wool":1,"minecraft:brewing_stand":1,"minecraft:crafting_table":2,"minecraft:grass_block":3,"modern_industrialization:lignite_coal_ore":37,"minecraft:copper_ore":16,"minecraft:tall_grass":2,"regions_unexplored:pine_planks":10,"regions_unexplored:daisy":1,"minecraft:sugar_cane":9,"regions_unexplored:pine_log":2,"minecraft:hay_block":18,"minecraft:furnace":2,"regions_unexplored:mossy_stone":2,"minecraft:jukebox":1,"minecraft:birch_leaves":3,"treechop:chopped_log":5,"minecraft:black_bed":4,"minecraft:coal_ore":16,"minecraft:grass":10,"minecraft:dirt":5,"minecraft:stone":15,"minecraft:iron_block":2,"minecraft:fern":4},"minecraft:picked_up":{"modern_industrialization:lignite_coal":37,"minecraft:crafting_table":2,"minecraft:tripwire_hook":1,"minecraft:black_bed":4,"minecraft:brewing_stand":1,"minecraft:gunpowder":6,"spellbladenext:fire_blade":1,"minecraft:dirt":8,"minecraft:moss_carpet":2,"minecraft:raw_copper":63,"minecraft:bone":3,"minecraft:bow":1,"regions_unexplored:pine_log":45,"minecraft:sugar_cane":20,"twigs:twig":15,"immersive_melodies:triangle":1,"minecraft:furnace":2,"minecells:guts":10,"minecraft:stick":3,"prominent_ost:music_disc_iv":1,"minecraft:jukebox":1,"minecells:arcane_goo":1,"minecells:infected_flesh":9,"minecells:monster_cell":7,"regions_unexplored:pine_sapling":3,"minecraft:red_wool":1,"regions_unexplored:pine_planks":9,"simplyswords:iron_halberd":1,"minecells:putrid_fence":3,"minecraft:diorite":2,"minecraft:white_bed":1,"minecraft:carrot":1,"regions_unexplored:daisy":1,"minecraft:mossy_cobblestone":2,"minecraft:arrow":13,"regions_unexplored:mauve_planks":3,"bewitchment:garlic":1,"minecraft:rotten_flesh":21,"regions_unexplored:mauve_sapling":3,"minecells:explosive_bulb":3,"regions_unexplored:mauve_log":7,"minecraft:hay_block":18,"minecraft:iron_block":2,"regions_unexplored:mauve_boat":3,"minecraft:coal":16,"minecraft:mutton":12,"minecraft:cobblestone":16,"minecraft:white_wool":8},"minecraft:custom":{"lootr:looted_stat":56,"minecraft:interact_with_furnace":26,"minecraft:mob_kills":49,"minecraft:play_record":2,"minecraft:traded_with_villager":1,"minecraft:interact_with_crafting_table":23,"minecraft:interact_with_cartography_table":1,"minecraft:bell_ring":2,"minecraft:damage_dealt_resisted":0,"minecraft:damage_resisted":32,"minecraft:interact_with_grindstone":2,"minecraft:leave_game":2,"minecraft:time_since_death":143800,"minecraft:sleep_in_bed":11,"minecraft:climb_one_cm":3387,"minecraft:hex":0,"minecraft:time_since_rest":19266,"minecraft:sprint_one_cm":350655,"minecraft:damage_taken":2686,"minecraft:walk_one_cm":337557,"minecraft:damage_blocked_by_shield":469,"minecraft:drop":3,"minecraft:damage_dealt":7192,"minecraft:swim_one_cm":12695,"minecraft:talked_to_villager":36,"minecraft:fly_one_cm":980514,"minecraft:open_chest":38,"minecraft:crouch_one_cm":1112,"minecraft:play_time":143800,"minecraft:sneak_time":1135,"minecraft:walk_under_water_one_cm":4756,"minecraft:boat_one_cm":122765,"minecraft:jump":1558,"minecraft:walk_on_water_one_cm":7133,"minecraft:total_world_time":143800,"minecraft:fall_one_cm":41356},"minecraft:crafted":{"techreborn:iron_furnace":1,"ironchests:copper_chest_upgrade":1,"minecraft:arrow":8,"ironchests:iron_chest_upgrade":1,"minecraft:crafting_table":1,"comforts:sleeping_bag_white":2,"minecraft:wooden_pickaxe":1,"minecraft:furnace":1,"minecraft:cooked_salmon":9,"croptopia:toast":15,"minecraft:copper_ingot":38,"minecraft:stone_axe":1,"minecraft:bread":57,"minecraft:air":0,"regions_unexplored:pine_planks":120,"regions_unexplored:mauve_planks":28,"minecraft:iron_chestplate":1,"minecraft:stick":22,"minecraft:iron_ingot":18,"minecraft:stone_pickaxe":1,"minecraft:chest":1,"regions_unexplored:mauve_boat":1,"regions_unexplored:pine_door":3,"minecraft:white_bed":2,"minecraft:wheat":162},"minecraft:dropped":{"minecraft:iron_chestplate":1,"comforts:sleeping_bag_white":1,"minecraft:wooden_pickaxe":1},"minecraft:used":{"regions_unexplored:pine_planks":105,"bewitchment:garlic":1,"minecraft:moss_carpet":2,"minecraft:diorite":2,"minecraft:stone_sword":80,"minecraft:stone_pickaxe":94,"techreborn:iron_furnace":1,"minecraft:chest":1,"minecraft:wooden_pickaxe":4,"minecraft:shield":6,"ironchests:iron_chest_upgrade":1,"minecraft:iron_sword":101,"regions_unexplored:pine_door":1,"minecraft:cooked_salmon":9,"minecraft:mossy_cobblestone":2,"minecraft:dirt":8,"minecraft:crafting_table":3,"simplyswords:iron_halberd":59,"minecraft:crossbow":4,"regions_unexplored:mauve_sapling":3,"minecraft:white_bed":3,"regions_unexplored:mauve_planks":2,"minecraft:black_bed":4,"regions_unexplored:pine_sapling":3,"regions_unexplored:mauve_boat":3,"regions_unexplored:pine_log":15,"regions_unexplored:daisy":1,"spellbladenext:fire_blade":15,"ironchests:copper_chest_upgrade":1,"minecraft:red_wool":1,"simplyswords:diamond_greathammer":9,"prominent_ost:music_disc_iv":2,"minecraft:stone_axe":54,"croptopia:toast":15,"minecraft:tripwire_hook":1,"minecraft:golden_carrot":1,"minecraft:furnace":2,"simplyswords:iron_glaive":156,"minecraft:jukebox":1}},"DataVersion":3465}