{"stats":{"minecraft:killed":{"minecraft:sheep":8,"minecraft:skeleton":1,"minecraft:zombie":9,"minecraft:drowned":1},"minecraft:mined":{"minecraft:white_bed":1,"minecraft:red_wool":1,"minecraft:brewing_stand":1,"minecraft:crafting_table":2,"minecraft:grass_block":3,"minecraft:tall_grass":2,"regions_unexplored:pine_planks":10,"regions_unexplored:daisy":1,"minecraft:sugar_cane":9,"regions_unexplored:pine_log":2,"minecraft:hay_block":18,"minecraft:furnace":1,"regions_unexplored:mossy_stone":2,"minecraft:jukebox":1,"minecraft:birch_leaves":3,"treechop:chopped_log":5,"minecraft:black_bed":4,"minecraft:grass":10,"minecraft:dirt":5,"minecraft:stone":14,"minecraft:iron_block":2,"minecraft:fern":4},"minecraft:picked_up":{"minecraft:crafting_table":2,"minecraft:tripwire_hook":1,"minecraft:black_bed":4,"minecraft:brewing_stand":1,"spellbladenext:fire_blade":1,"minecraft:dirt":8,"minecraft:moss_carpet":2,"minecraft:bone":3,"regions_unexplored:pine_log":45,"minecraft:sugar_cane":20,"twigs:twig":15,"immersive_melodies:triangle":1,"minecraft:furnace":1,"minecraft:stick":3,"minecraft:jukebox":1,"regions_unexplored:pine_sapling":3,"minecraft:red_wool":1,"regions_unexplored:pine_planks":9,"minecraft:white_bed":1,"minecraft:carrot":1,"regions_unexplored:daisy":1,"minecraft:mossy_cobblestone":2,"minecraft:arrow":4,"regions_unexplored:mauve_planks":3,"bewitchment:garlic":1,"minecraft:rotten_flesh":18,"regions_unexplored:mauve_sapling":3,"regions_unexplored:mauve_log":7,"minecraft:hay_block":18,"minecraft:iron_block":2,"regions_unexplored:mauve_boat":3,"minecraft:mutton":12,"minecraft:cobblestone":14,"minecraft:white_wool":8},"minecraft:crafted":{"ironchests:iron_chest_upgrade":1,"minecraft:crafting_table":1,"minecraft:wooden_pickaxe":1,"minecraft:furnace":1,"minecraft:cooked_salmon":9,"croptopia:toast":4,"minecraft:stone_axe":1,"minecraft:bread":57,"minecraft:air":0,"regions_unexplored:pine_planks":120,"regions_unexplored:mauve_planks":28,"minecraft:iron_chestplate":1,"minecraft:stick":22,"minecraft:iron_ingot":18,"minecraft:stone_pickaxe":1,"minecraft:chest":1,"regions_unexplored:mauve_boat":1,"regions_unexplored:pine_door":3,"minecraft:white_bed":2,"minecraft:wheat":162},"minecraft:custom":{"lootr:looted_stat":32,"minecraft:interact_with_furnace":14,"minecraft:mob_kills":25,"minecraft:play_record":1,"minecraft:traded_with_villager":1,"minecraft:interact_with_crafting_table":20,"minecraft:interact_with_cartography_table":1,"minecraft:bell_ring":2,"minecraft:damage_dealt_resisted":0,"minecraft:interact_with_grindstone":2,"minecraft:leave_game":2,"minecraft:time_since_death":107800,"minecraft:sleep_in_bed":8,"minecraft:climb_one_cm":1879,"minecraft:hex":0,"minecraft:time_since_rest":12989,"minecraft:sprint_one_cm":250247,"minecraft:damage_taken":1054,"minecraft:walk_one_cm":236889,"minecraft:damage_blocked_by_shield":235,"minecraft:drop":2,"minecraft:damage_dealt":2398,"minecraft:swim_one_cm":12695,"minecraft:talked_to_villager":35,"minecraft:fly_one_cm":925248,"minecraft:open_chest":15,"minecraft:crouch_one_cm":1024,"minecraft:play_time":107800,"minecraft:sneak_time":1079,"minecraft:walk_under_water_one_cm":4756,"minecraft:boat_one_cm":122765,"minecraft:jump":1283,"minecraft:walk_on_water_one_cm":7133,"minecraft:total_world_time":107800,"minecraft:fall_one_cm":33259},"minecraft:dropped":{"minecraft:iron_chestplate":1,"minecraft:wooden_pickaxe":1},"minecraft:used":{"regions_unexplored:pine_planks":104,"bewitchment:garlic":1,"minecraft:moss_carpet":2,"minecraft:stone_sword":80,"minecraft:stone_pickaxe":23,"minecraft:chest":1,"minecraft:wooden_pickaxe":4,"minecraft:shield":4,"minecraft:iron_sword":24,"regions_unexplored:pine_door":1,"minecraft:cooked_salmon":9,"minecraft:mossy_cobblestone":2,"minecraft:dirt":8,"minecraft:crafting_table":3,"minecraft:crossbow":1,"regions_unexplored:mauve_sapling":3,"minecraft:white_bed":3,"regions_unexplored:mauve_planks":2,"minecraft:black_bed":4,"regions_unexplored:pine_sapling":3,"regions_unexplored:mauve_boat":3,"regions_unexplored:pine_log":15,"regions_unexplored:daisy":1,"spellbladenext:fire_blade":13,"minecraft:red_wool":1,"prominent_ost:music_disc_iv":1,"minecraft:stone_axe":51,"croptopia:toast":4,"minecraft:tripwire_hook":1,"minecraft:golden_carrot":1,"minecraft:furnace":2,"simplyswords:iron_glaive":125,"minecraft:jukebox":1}},"DataVersion":3465}