{"stats":{"minecraft:killed":{"minecells:mutated_bat":4,"minecells:undead_archer":6,"minecraft:skeleton":2,"minecraft:drowned":1,"minecells:leaping_zombie":25,"minecells:protector":2,"minecells:grenadier":7,"minecells:runner":5,"minecraft:sheep":8,"minecraft:zombie":9},"minecraft:mined":{"minecells:putrid_fence":3,"minecraft:white_bed":1,"minecraft:brewing_stand":1,"minecraft:grass_block":3,"minecells:prison_stone":2,"modern_industrialization:lignite_coal_ore":37,"regions_unexplored:pine_planks":10,"minecraft:hay_block":18,"minecraft:furnace":2,"regions_unexplored:mossy_stone":2,"treechop:chopped_log":5,"minecraft:stone":15,"minecraft:iron_block":2,"minecraft:red_wool":1,"minecraft:crafting_table":2,"minecraft:tall_grass":2,"minecraft:copper_ore":16,"regions_unexplored:daisy":1,"minecraft:sugar_cane":9,"regions_unexplored:pine_log":2,"minecraft:jukebox":1,"minecraft:birch_leaves":3,"minecraft:black_bed":4,"minecraft:grass":10,"minecraft:coal_ore":16,"minecraft:dirt":5,"minecraft:fern":4},"minecraft:picked_up":{"minecraft:crafting_table":2,"modern_industrialization:lignite_coal":37,"minecraft:brewing_stand":1,"minecraft:moss_carpet":2,"minecraft:raw_copper":63,"regions_unexplored:pine_log":45,"immersive_melodies:triangle":1,"minecraft:sugar_cane":20,"minecraft:furnace":2,"minecells:guts":11,"minecraft:stick":3,"minecraft:jukebox":1,"minecells:monsters_eye":2,"minecells:arcane_goo":1,"simplyswords:iron_halberd":1,"minecraft:diorite":2,"minecraft:carrot":1,"minecells:putrid_fence":3,"regions_unexplored:daisy":1,"bewitchment:garlic":1,"minecraft:arrow":15,"minecraft:rotten_flesh":26,"regions_unexplored:mauve_sapling":3,"regions_unexplored:mauve_log":7,"minecraft:hay_block":18,"minecraft:iron_block":2,"minecraft:mutton":12,"minecraft:white_wool":8,"minecraft:cobblestone":16,"minecraft:tripwire_hook":1,"minecraft:black_bed":4,"minecraft:gunpowder":7,"spellbladenext:fire_blade":1,"minecraft:dirt":8,"minecraft:bone":3,"minecraft:bow":1,"twigs:twig":15,"prominent_ost:music_disc_iv":1,"minecells:prison_cobblestone":2,"regions_unexplored:pine_sapling":3,"minecells:monster_cell":23,"minecraft:red_wool":1,"regions_unexplored:pine_planks":9,"minecells:infected_flesh":14,"minecraft:white_bed":1,"minecraft:mossy_cobblestone":2,"regions_unexplored:mauve_planks":3,"minecells:explosive_bulb":3,"regions_unexplored:mauve_boat":3,"minecraft:coal":16},"minecraft:crafted":{"ironchests:iron_chest_upgrade":1,"comforts:sleeping_bag_white":2,"minecraft:furnace":1,"croptopia:toast":15,"regions_unexplored:mauve_planks":28,"minecraft:stone_pickaxe":1,"minecraft:chest":1,"minecraft:wheat":162,"techreborn:iron_furnace":1,"ironchests:copper_chest_upgrade":1,"minecraft:arrow":8,"minecraft:crafting_table":1,"minecraft:wooden_pickaxe":1,"minecraft:cooked_salmon":9,"minecraft:copper_ingot":38,"minecraft:stone_axe":1,"minecraft:bread":57,"minecraft:air":0,"regions_unexplored:pine_planks":120,"minecraft:iron_chestplate":1,"minecraft:stick":22,"minecraft:iron_ingot":18,"regions_unexplored:pine_door":3,"regions_unexplored:mauve_boat":1,"minecraft:white_bed":2},"minecraft:custom":{"lootr:looted_stat":71,"minecraft:mob_kills":76,"minecraft:interact_with_crafting_table":23,"minecraft:bell_ring":2,"minecraft:damage_dealt_resisted":0,"minecraft:leave_game":2,"minecraft:time_since_death":155800,"minecraft:climb_one_cm":5284,"minecraft:damage_resisted":32,"minecraft:sprint_one_cm":417635,"minecraft:walk_one_cm":383027,"minecraft:damage_blocked_by_shield":469,"minecraft:drop":3,"minecraft:talked_to_villager":36,"minecraft:play_time":155800,"minecraft:walk_under_water_one_cm":4756,"minecraft:sneak_time":1135,"minecraft:boat_one_cm":122765,"minecraft:jump":1782,"minecraft:walk_on_water_one_cm":7133,"minecraft:total_world_time":155800,"minecraft:interact_with_furnace":26,"minecraft:play_record":2,"minecraft:traded_with_villager":1,"minecraft:interact_with_cartography_table":1,"minecraft:interact_with_grindstone":2,"minecraft:sleep_in_bed":11,"minecraft:hex":0,"minecraft:time_since_rest":31266,"minecraft:damage_taken":3890,"minecraft:damage_dealt":12055,"minecraft:swim_one_cm":12695,"minecraft:fly_one_cm":1038348,"minecraft:open_chest":38,"minecraft:crouch_one_cm":1112,"minecraft:fall_one_cm":46891},"minecraft:dropped":{"minecraft:iron_chestplate":1,"comforts:sleeping_bag_white":1,"minecraft:wooden_pickaxe":1},"minecraft:used":{"regions_unexplored:pine_planks":105,"minecraft:moss_carpet":2,"minecraft:stone_sword":80,"techreborn:iron_furnace":1,"minecraft:chest":1,"minecraft:shield":6,"ironchests:iron_chest_upgrade":1,"minecraft:iron_sword":101,"minecraft:cooked_salmon":9,"minecraft:dirt":8,"regions_unexplored:mauve_sapling":3,"regions_unexplored:pine_log":15,"regions_unexplored:daisy":1,"spellbladenext:fire_blade":15,"minecraft:red_wool":1,"simplyswords:diamond_greathammer":118,"minecells:guts":3,"minecraft:tripwire_hook":1,"minecraft:golden_carrot":1,"minecraft:furnace":2,"bewitchment:garlic":1,"minecraft:diorite":2,"minecraft:stone_pickaxe":94,"minecraft:wooden_pickaxe":4,"regions_unexplored:pine_door":1,"minecraft:mossy_cobblestone":2,"minecraft:crafting_table":3,"simplyswords:iron_halberd":59,"minecraft:crossbow":4,"minecraft:white_bed":3,"regions_unexplored:mauve_planks":2,"minecraft:black_bed":4,"regions_unexplored:pine_sapling":3,"regions_unexplored:mauve_boat":3,"ironchests:copper_chest_upgrade":1,"minecraft:iron_pickaxe":2,"prominent_ost:music_disc_iv":2,"minecraft:stone_axe":54,"croptopia:toast":16,"minecraft:cobblestone":1,"simplyswords:iron_glaive":156,"minecraft:jukebox":1}},"DataVersion":3465}