{"stats":{"minecraft:killed":{"minecraft:sheep":8,"minecraft:zombie":5,"minecraft:drowned":1},"minecraft:mined":{"minecraft:white_bed":1,"minecraft:red_wool":1,"minecraft:brewing_stand":1,"minecraft:crafting_table":2,"minecraft:grass_block":3,"minecraft:tall_grass":2,"regions_unexplored:pine_planks":10,"regions_unexplored:daisy":1,"minecraft:sugar_cane":9,"regions_unexplored:pine_log":2,"minecraft:hay_block":18,"minecraft:furnace":1,"regions_unexplored:mossy_stone":2,"minecraft:birch_leaves":3,"treechop:chopped_log":5,"minecraft:black_bed":4,"minecraft:grass":10,"minecraft:dirt":2,"minecraft:stone":14,"minecraft:iron_block":2,"minecraft:fern":4},"minecraft:picked_up":{"minecraft:crafting_table":2,"minecraft:tripwire_hook":1,"minecraft:black_bed":4,"minecraft:brewing_stand":1,"minecraft:dirt":5,"minecraft:moss_carpet":2,"regions_unexplored:pine_log":45,"minecraft:sugar_cane":20,"twigs:twig":15,"immersive_melodies:triangle":1,"minecraft:furnace":1,"minecraft:stick":3,"regions_unexplored:pine_sapling":3,"minecraft:red_wool":1,"regions_unexplored:pine_planks":9,"minecraft:white_bed":1,"regions_unexplored:daisy":1,"minecraft:mossy_cobblestone":2,"regions_unexplored:mauve_planks":3,"bewitchment:garlic":1,"minecraft:rotten_flesh":13,"regions_unexplored:mauve_sapling":3,"regions_unexplored:mauve_log":7,"minecraft:hay_block":18,"minecraft:iron_block":2,"regions_unexplored:mauve_boat":3,"minecraft:mutton":12,"minecraft:cobblestone":14,"minecraft:white_wool":8},"minecraft:crafted":{"ironchests:iron_chest_upgrade":1,"minecraft:crafting_table":1,"minecraft:wooden_pickaxe":1,"minecraft:furnace":1,"minecraft:cooked_salmon":9,"croptopia:toast":4,"minecraft:stone_axe":1,"minecraft:bread":57,"minecraft:air":0,"regions_unexplored:pine_planks":120,"regions_unexplored:mauve_planks":28,"minecraft:iron_chestplate":1,"minecraft:stick":8,"minecraft:iron_ingot":18,"minecraft:stone_pickaxe":1,"minecraft:chest":1,"regions_unexplored:mauve_boat":1,"regions_unexplored:pine_door":3,"minecraft:white_bed":2,"minecraft:wheat":162},"minecraft:custom":{"lootr:looted_stat":25,"minecraft:interact_with_furnace":14,"minecraft:mob_kills":16,"minecraft:traded_with_villager":1,"minecraft:interact_with_crafting_table":19,"minecraft:interact_with_cartography_table":1,"minecraft:bell_ring":2,"minecraft:damage_dealt_resisted":0,"minecraft:interact_with_grindstone":2,"minecraft:leave_game":2,"minecraft:time_since_death":95800,"minecraft:sleep_in_bed":8,"minecraft:climb_one_cm":1414,"minecraft:hex":0,"minecraft:time_since_rest":989,"minecraft:sprint_one_cm":215299,"minecraft:damage_taken":474,"minecraft:walk_one_cm":188020,"minecraft:damage_blocked_by_shield":147,"minecraft:drop":1,"minecraft:damage_dealt":1749,"minecraft:swim_one_cm":5084,"minecraft:talked_to_villager":34,"minecraft:fly_one_cm":892764,"minecraft:open_chest":13,"minecraft:crouch_one_cm":541,"minecraft:play_time":95800,"minecraft:sneak_time":964,"minecraft:walk_under_water_one_cm":3906,"minecraft:boat_one_cm":122765,"minecraft:jump":1063,"minecraft:walk_on_water_one_cm":6023,"minecraft:total_world_time":95800,"minecraft:fall_one_cm":28928},"minecraft:dropped":{"minecraft:wooden_pickaxe":1},"minecraft:used":{"regions_unexplored:pine_planks":104,"bewitchment:garlic":1,"minecraft:moss_carpet":2,"minecraft:stone_sword":80,"minecraft:stone_pickaxe":22,"minecraft:chest":1,"minecraft:wooden_pickaxe":4,"minecraft:shield":3,"minecraft:iron_sword":5,"regions_unexplored:pine_door":1,"minecraft:cooked_salmon":9,"minecraft:mossy_cobblestone":2,"minecraft:dirt":5,"minecraft:crafting_table":3,"regions_unexplored:mauve_sapling":3,"minecraft:white_bed":3,"regions_unexplored:mauve_planks":2,"minecraft:black_bed":4,"regions_unexplored:pine_sapling":3,"regions_unexplored:mauve_boat":3,"regions_unexplored:pine_log":15,"regions_unexplored:daisy":1,"minecraft:red_wool":1,"minecraft:stone_axe":50,"croptopia:toast":2,"minecraft:tripwire_hook":1,"minecraft:furnace":2}},"DataVersion":3465}